stage,position,depth,agent,attempts,completed_searches,timeouts,errors,selected_move,root_value,equivalent_move,equivalent_value,visited_states,expanded_nodes,generated_actions,evaluated_states,pruned_actions,maximum_depth,thinking_time,relative_expanded_nodes_change_order2_vs_order1
A,initial,2,measured_minimax,1,1,0,0,g0-f3,-0.0,True,True,2736,53,2735,2683,0,2,2.3860760999959894,N/A
A,initial,2,alpha_beta_order_1,1,1,0,0,g0-f3,-0.0,True,True,681,53,2735,628,2055,2,0.5674371999921277,N/A
A,initial,2,alpha_beta_order_2,1,1,0,0,g0-f3,-0.0,True,True,306,53,2735,253,2430,2,0.24709619994973764,N/A
B,initial,3,alpha_beta_order_1,3,3,0,0,e1-d2,0.0917,N/A,N/A,16029,640,37460,15389,21432,3,13.677251900022384,0.3484375
B,initial,3,alpha_beta_order_2,3,3,0,0,e1-d2,0.0917,N/A,N/A,4602,417,24019,4185,19418,3,3.7878996999934316,0.3484375
A,early-a,2,measured_minimax,1,1,0,0,g0-f3,-0.0,True,True,3171,57,3170,3114,0,2,2.6207613999722525,N/A
A,early-a,2,alpha_beta_order_1,1,1,0,0,g0-f3,-0.0,True,True,1044,57,3170,987,2127,2,0.8700622000033036,N/A
A,early-a,2,alpha_beta_order_2,1,1,0,0,g0-f3,-0.0,True,True,392,57,3170,335,2779,2,0.31175379996420816,N/A
B,early-a,3,alpha_beta_order_1,3,3,0,0,d1-c2,0.0917,N/A,N/A,26310,1015,61979,25295,35670,3,22.038214700005483,0.5408866995073892
B,early-a,3,alpha_beta_order_2,3,3,0,0,d1-c2,0.0917,N/A,N/A,5538,466,27468,5072,21931,3,4.6114826000411995,0.5408866995073892
A,early-b,2,measured_minimax,1,1,0,0,g0-f3,-0.0415,True,True,4008,62,4007,3946,0,2,3.5211031999788247,N/A
A,early-b,2,alpha_beta_order_1,1,1,0,0,g0-f3,-0.0415,True,True,1708,62,4007,1646,2300,2,1.4946348000084981,N/A
A,early-b,2,alpha_beta_order_2,1,1,0,0,g0-f3,-0.0415,True,True,570,62,4007,508,3438,2,0.48236299998825416,N/A
B,early-b,3,alpha_beta_order_1,3,3,0,0,g0-f3,0.077,N/A,N/A,27094,1028,69832,26066,42739,3,24.05533880001167,0.4143968871595331
B,early-b,3,alpha_beta_order_2,3,3,0,0,g0-f3,0.077,N/A,N/A,7307,602,41006,6705,33700,3,6.44835660001263,0.4143968871595331
A,middle-capture,2,measured_minimax,1,1,0,0,e4-f5,1.0,True,True,3473,31,3472,3442,0,2,1.8200170999625698,N/A
A,middle-capture,2,alpha_beta_order_1,1,1,0,0,e4-f5,1.0,True,True,2558,31,3472,2527,915,2,1.3720986999687739,N/A
A,middle-capture,2,alpha_beta_order_2,1,1,0,0,e4-f5,1.0,True,True,941,31,3472,910,2532,2,0.5257821000413969,N/A
B,middle-capture,3,alpha_beta_order_1,3,3,0,0,e4-f5,1.0,N/A,N/A,19301,1282,55407,18019,36107,3,9.413594799989369,0.18486739469578783
B,middle-capture,3,alpha_beta_order_2,3,3,0,0,e4-f5,1.0,N/A,N/A,4210,1045,45768,3165,41559,3,1.9801666000275873,0.18486739469578783
A,middle-threat,2,measured_minimax,1,1,0,0,e4-d3,1.0,True,True,6096,79,6095,6017,0,2,5.990926200000104,N/A
A,middle-threat,2,alpha_beta_order_1,1,1,0,0,e4-d3,1.0,True,True,423,79,6095,344,5673,2,0.3357030000188388,N/A
A,middle-threat,2,alpha_beta_order_2,1,1,0,0,e4-d3,1.0,True,True,423,79,6095,344,5673,2,0.330945800000336,N/A
B,middle-threat,3,alpha_beta_order_1,3,3,0,0,e4-d3,1.0,N/A,N/A,1316,279,19105,1037,17790,3,0.9803169000078924,0.0
B,middle-threat,3,alpha_beta_order_2,3,3,0,0,e4-d3,1.0,N/A,N/A,1316,279,19105,1037,17790,3,0.9758292000042275,0.0
A,reduced,2,measured_minimax,1,1,0,0,a0-d3,0.0534,True,True,755,27,754,728,0,2,0.11266409995732829,N/A
A,reduced,2,alpha_beta_order_1,1,1,0,0,a0-d3,0.0534,True,True,342,27,754,315,413,2,0.051886399975046515,N/A
A,reduced,2,alpha_beta_order_2,1,1,0,0,a0-d3,0.0534,True,True,270,27,754,243,485,2,0.040129999979399145,N/A
B,reduced,3,alpha_beta_order_1,3,3,0,0,a0-d3,0.077,N/A,N/A,5961,443,14391,5518,8431,3,0.852744999981951,0.5417607223476298
B,reduced,3,alpha_beta_order_2,3,3,0,0,a0-d3,0.077,N/A,N/A,2102,203,6831,1899,4730,3,0.3332819000352174,0.5417607223476298
