stage,focal_agent,focal_color,orange_agent,black_agent,orange_depth,black_depth,orange_seed,black_seed,max_plies,max_llm_calls,max_think_seconds,live,status,exit_status,error,result,reason,plies,orange_utility,black_utility,orange_time,black_time,orange_generated,orange_evaluated,orange_maximum_depth,orange_model_calls,orange_fallback_calls,orange_cache_hits,black_generated,black_evaluated,black_maximum_depth,black_model_calls,black_fallback_calls,black_cache_hits,stdout,stderr
a1,minimax_1,orange,minimax_1,random,1,1,0,0,100,,,False,ok,0,,DRAW,move_limit,100,0,0,0.569210,0.014852,2705,2705,1,,,,,,,,,,"result=DRAW reason=move_limit plies=100 orange_utility=0 black_utility=0 orange_time=0.569210s black_time=0.014852s
agent=orange name='Orange Minimax 1' generated=2705 evaluated=2705 maximum_depth=1
agent=black name='Black Random'
",
a1,minimax_1,black,random,minimax_1,1,1,0,0,100,,,False,ok,0,,BLACK,win,56,-1,1,0.005567,0.370321,,,,,,,1651,1651,1,,,,"result=BLACK reason=win plies=56 orange_utility=-1 black_utility=1 orange_time=0.005567s black_time=0.370321s
agent=orange name='Orange Random'
agent=black name='Black Minimax 1' generated=1651 evaluated=1651 maximum_depth=1
",
a1,minimax_1,orange,minimax_1,random,1,1,1,1,100,,,False,ok,0,,DRAW,move_limit,100,0,0,0.519800,0.017462,2542,2542,1,,,,,,,,,,"result=DRAW reason=move_limit plies=100 orange_utility=0 black_utility=0 orange_time=0.519800s black_time=0.017462s
agent=orange name='Orange Minimax 1' generated=2542 evaluated=2542 maximum_depth=1
agent=black name='Black Random'
",
a1,minimax_1,black,random,minimax_1,1,1,1,1,100,,,False,ok,0,,BLACK,win,28,-1,1,0.004237,0.176273,,,,,,,807,807,1,,,,"result=BLACK reason=win plies=28 orange_utility=-1 black_utility=1 orange_time=0.004237s black_time=0.176273s
agent=orange name='Orange Random'
agent=black name='Black Minimax 1' generated=807 evaluated=807 maximum_depth=1
",
a1,minimax_2,orange,minimax_2,random,1,1,0,0,100,,,False,ok,0,,ORANGE,win,9,1,-1,0.161887,0.001165,369,369,1,,,,,,,,,,"result=ORANGE reason=win plies=9 orange_utility=1 black_utility=-1 orange_time=0.161887s black_time=0.001165s
agent=orange name='Orange Minimax 2' generated=369 evaluated=369 maximum_depth=1
agent=black name='Black Random'
",
a1,minimax_2,black,random,minimax_2,1,1,0,0,100,,,False,ok,0,,BLACK,win,6,-1,1,0.000869,0.074196,,,,,,,181,181,1,,,,"result=BLACK reason=win plies=6 orange_utility=-1 black_utility=1 orange_time=0.000869s black_time=0.074196s
agent=orange name='Orange Random'
agent=black name='Black Minimax 2' generated=181 evaluated=181 maximum_depth=1
",
a1,minimax_2,orange,minimax_2,random,1,1,1,1,100,,,False,ok,0,,ORANGE,win,9,1,-1,0.147550,0.001151,353,353,1,,,,,,,,,,"result=ORANGE reason=win plies=9 orange_utility=1 black_utility=-1 orange_time=0.147550s black_time=0.001151s
agent=orange name='Orange Minimax 2' generated=353 evaluated=353 maximum_depth=1
agent=black name='Black Random'
",
a1,minimax_2,black,random,minimax_2,1,1,1,1,100,,,False,ok,0,,BLACK,win,10,-1,1,0.001495,0.149376,,,,,,,356,356,1,,,,"result=BLACK reason=win plies=10 orange_utility=-1 black_utility=1 orange_time=0.001495s black_time=0.149376s
agent=orange name='Orange Random'
agent=black name='Black Minimax 2' generated=356 evaluated=356 maximum_depth=1
",
a1,minimax_3,orange,minimax_3,random,1,1,0,0,100,,,False,ok,0,,ORANGE,win,5,1,-1,0.169823,0.000611,192,192,1,,,,,,,,,,"result=ORANGE reason=win plies=5 orange_utility=1 black_utility=-1 orange_time=0.169823s black_time=0.000611s
agent=orange name='Orange Minimax 3' generated=192 evaluated=192 maximum_depth=1
agent=black name='Black Random'
",
a1,minimax_3,black,random,minimax_3,1,1,0,0,100,,,False,ok,0,,BLACK,win,6,-1,1,0.000880,0.156171,,,,,,,182,182,1,,,,"result=BLACK reason=win plies=6 orange_utility=-1 black_utility=1 orange_time=0.000880s black_time=0.156171s
agent=orange name='Orange Random'
agent=black name='Black Minimax 3' generated=182 evaluated=182 maximum_depth=1
",
a1,minimax_3,orange,minimax_3,random,1,1,1,1,100,,,False,ok,0,,ORANGE,win,7,1,-1,0.238722,0.000911,267,267,1,,,,,,,,,,"result=ORANGE reason=win plies=7 orange_utility=1 black_utility=-1 orange_time=0.238722s black_time=0.000911s
agent=orange name='Orange Minimax 3' generated=267 evaluated=267 maximum_depth=1
agent=black name='Black Random'
",
a1,minimax_3,black,random,minimax_3,1,1,1,1,100,,,False,ok,0,,BLACK,win,6,-1,1,0.000940,0.173961,,,,,,,189,189,1,,,,"result=BLACK reason=win plies=6 orange_utility=-1 black_utility=1 orange_time=0.000940s black_time=0.173961s
agent=orange name='Orange Random'
agent=black name='Black Minimax 3' generated=189 evaluated=189 maximum_depth=1
",
